GazeboRead,ReadFile,GazeboPublish,SumLatency
818.2307692307693,0.0025384615384615385,1049.6923076923076,1889.5709663846153
818.2307692307692,0.0025384615384615385,1049.6923076923076,1889.5709663846155
